Aquino,Joaqin,Mercedes,,09123456789
Bautista,Maria Nicole,Ogay,,09234567890
Bautista,Alexander Joseph,Escobar,,09345678901
Cruz,Maria Elena,Abogado,,09456789012
Tan,Zandy Yola,Faustino,,09567890123
Chua,Noah,Sy,,09678901234
Fuentebella,Santino,Parana,,09789012345
Gamboa,Mikaela Xyra,Tan,,09890123456
Garcia,Rafael Zander,Liu,,09123456780
Yap,Allen Ricardo,Macapili,,09234567801
Ilustre,Justin Blake,Ibanez,,09345678912
Jambalos,Annalyn,Sarmiento,,09456789023
Jimenez,Ella Grace,Panganiban,,09567890134
Salazar,Florante,Alvarado,,09678901245
Kasilag,Carlo,Bautista,,09789012356
Llorente,Katnis Faith,Dizon,,09890123467
Pua,Jazzie,Fajardo,,09123456701
Meyer,Michael Dale,Quimpo,,09234567812
Morales,Joseph,Escobar,,09345678923
Noche,Nikki,Lacuna,,09456789034
Ocampo,Christopher,Yap,,09567890145
Pineda,Maricar,Natividad,,09678901256
Sy,Marcus Aurelius,Villamin,,09789012367
Lim,Leslie,Pascual,,09890123478
Rojas,Christian Lee,Sison,,09123456702
Santos,Avery Joseph,Yuchengco,,09234567813
Sison,Mark Paolo,Villar,,09345678924
Pineda,Julienne Victoria,Gokongwei,,09456789035
Yap,Elena Vivienne,Velasco,,09567890146
Villanueva,Maria Rosella,Galante,,09678901257
Webber,Christine Marie,Jorvina,,09789012368
